{
  "version": "1.0.0-rc.2",
  "generatedAt": "2026-07-17T09:57:35.978Z",
  "environment": {
    "node": "v22.23.1",
    "platform": "linux/x64",
    "cpuLogicalCount": 12,
    "memoryBytes": 16636121088,
    "database": "TEST_DATABASE_URL target (credentials redacted)",
    "topology": "single Runtime (PostgreSQL pool max 1), single TypeScript Adapter, sequential MCP client"
  },
  "workloads": {
    "synchronousTool": {
      "iterations": 100,
      "durationMs": 693.7429769999999,
      "throughputPerSecond": 144.14560336514947,
      "latencyMs": {
        "p50": 6.4274190000001,
        "p95": 9.485953999999992,
        "p99": 13.07189900000003,
        "max": 15.581437999999707
      }
    },
    "durableTaskCreateAndGet": {
      "iterations": 25,
      "durationMs": 1147.7284690000001,
      "throughputPerSecond": 21.782155514345785,
      "latencyMs": {
        "p50": 44.80118700000003,
        "p95": 56.17790100000002,
        "p99": 60.7934250000003,
        "max": 60.7934250000003
      }
    },
    "slowAdapterDatabaseAvailability": {
      "adapterResponseDelayMs": 750,
      "databaseQueryDurationMs": 0.41038800000001174,
      "databaseQueryCompletedBeforeAdapterResponse": true,
      "taskId": "3a91d834-78da-492b-8877-e376c0b954f9"
    },
    "durableCommandDispatcher": {
      "commands": 20,
      "durationMs": 449.5977190000003,
      "commandsPerSecond": 44.484211451259576,
      "result": {
        "claimed": 20,
        "acknowledged": 20,
        "retried": 0,
        "rejected": 0,
        "exhausted": 0,
        "terminal": 0
      }
    },
    "scheduledScan": {
      "futureTasks": 32,
      "durationMs": 5.417725000000246,
      "result": {
        "started": 0,
        "missed": 0,
        "deferred": 0,
        "deadlineStops": 0,
        "watchdogStops": 0,
        "reconciled": 0
      }
    },
    "watchdogScan": {
      "overdueTasks": 16,
      "durationMs": 87.54079199999978,
      "result": {
        "started": 0,
        "missed": 0,
        "deferred": 0,
        "deadlineStops": 0,
        "watchdogStops": 16,
        "reconciled": 0
      }
    },
    "recoveryCandidateScans": {
      "100": {
        "requested": 100,
        "returned": 100,
        "durationMs": 2.2186899999996967,
        "candidatesPerSecond": 45071.64137397007
      },
      "500": {
        "requested": 500,
        "returned": 500,
        "durationMs": 9.174253000000135,
        "candidatesPerSecond": 54500.35005574761
      },
      "1000": {
        "requested": 1000,
        "returned": 1000,
        "durationMs": 18.47439900000063,
        "candidatesPerSecond": 54128.959756686316
      }
    },
    "observationOutboxGrowth": {
      "observations": {
        "before": {
          "rows": 0,
          "bytes": 24576
        },
        "after": {
          "rows": 155,
          "bytes": 90112
        },
        "rows": 155,
        "bytes": 65536
      },
      "outbox": {
        "before": {
          "rows": 0,
          "bytes": 32768
        },
        "after": {
          "rows": 155,
          "bytes": 180224
        },
        "rows": 155,
        "bytes": 147456
      }
    },
    "runtimeImage": {
      "schemaVersion": 1,
      "measuredAt": "2026-07-17T07:08:41+08:00",
      "measurementEnvironment": "GitHub Actions ubuntu-24.04 Docker Engine",
      "image": "sdar-runtime:rc2-audit-primary",
      "base": "node:22-bookworm-slim",
      "sizeBytes": 327026557,
      "maximumBytes": 350000000,
      "user": "node",
      "layers": 11,
      "frozenLockfile": true,
      "productionDependenciesOnly": true,
      "containsTestsDocsOrReferences": false,
      "containsTypescriptOrVitest": false,
      "containsProtoAndMigrations": true,
      "reproducibleFilesystemAndConfig": true
    }
  },
  "interpretation": {
    "productionSlo": false,
    "recoveryScope": "Measures the real PostgreSQL candidate-selection/materialization path; Adapter reconciliation latency is resource-specific.",
    "thresholds": "Only correctness/regression bounds are enforced: pool progress under 500ms, exact claims/counts, positive durable growth, and image policy."
  }
}
