{
  "version": "1.0.0-rc.1",
  "generatedAt": "2026-07-16T23:03:51.949Z",
  "environment": {
    "node": "v22.14.0",
    "platform": "win32/x64",
    "cpuLogicalCount": 16,
    "memoryBytes": 34085838848,
    "database": "TEST_DATABASE_URL target (credentials redacted)",
    "topology": "single Runtime, single TypeScript Adapter, sequential MCP HTTP client"
  },
  "workloads": {
    "synchronousTool": {
      "iterations": 100,
      "durationMs": 1008.2826000000001,
      "throughputPerSecond": 99.1785437931786,
      "latencyMs": {
        "p50": 9.499299999999948,
        "p95": 13.709100000000035,
        "p99": 20.042599999999993,
        "max": 23.297199999999975
      }
    },
    "durableTaskCreateAndGet": {
      "iterations": 25,
      "durationMs": 1177.3890000000001,
      "throughputPerSecond": 21.2334241274549,
      "latencyMs": {
        "p50": 46.24519999999984,
        "p95": 59.16379999999981,
        "p99": 63.04470000000015,
        "max": 63.04470000000015
      }
    }
  }
}
